mutation_id	ref_counts	var_counts	normal_cn	minor_cn	major_cn	variant_gene	variant_freq	variant_coding	variant_effect
A1	1037	76	2	1	2	A1	0.073288	NM_018298.10:c.54T>A	Missense
A2	1026	182	2	0	1	A2	0.177388	NM_012128.3:c.1391C>T	Missense
A3	1432	231	2	0	2	A3	0.161313	NM_201653.3:c.880T>C	Missense
A4	657	0	2	0	1	A4	0	NM_005920.3:c.*66C>T	Other
A5	859	118	2	0	1	A5	0.137369	NM_001766.3:c.-23G>C	Other
A6	1176	195	2	1	2	A6	0.165816	NM_015569.4:c.621G>A	Other
A7	1463	114	2	0	1	A7	0.077922	NM_021165.2:c.293A>G	Missense
A8	1229	209	2	1	2	A8	0.170057	NM_206933.2:c.10770G>A	Other
A9	968	161	2	0	2	A9	0.1665	NM_001035.2:c.14759_14760insG	LoF
A10	978	80	2	1	2	A10	0.0818	NM_152666.2:c.*177A>C	Other
A11	1208	87	2	1	2	A11	0.07202	NM_014860.1:c.1238A>G	Missense
A12	1190	88	2	1	2	A12	0.07395	NM_005760.2:c.2594A>G	Missense
A13	1608	237	2	0	2	A13	0.147388	NM_006887.4:c.548T>C	Missense
A14	1012	73	2	0	2	A14	0.072134	NM_172069.3:c.3256C>T	Missense
A15	1320	0	2	1	2	A15	0	"NM_138448.3:c.186-48818G>A,NM_001003937.2:c.282C>T"	"Other,Other"
A16	1542	95	2	1	2	A16	0.061608	NM_003128.2:c.3189G>A	Other
A17	1238	193	2	1	2	A17	0.155897	NM_001025108.1:c.2032C>T	Missense
A18	1846	84	2	0	2	A18	0.045504	NM_032545.3:c.193G>A	Missense
A19	1199	150	2	1	2	A19	0.1252	NM_014795.3:c.*27_*28insG	Other
A20	1199	78	2	1	2	A20	0.065054	NM_033272.3:c.2272G>A	Missense
A21	1237	78	2	1	2	A21	0.063056	NM_001267550.1:c.10857T>C	Other
A22	848	141	2	1	2	A22	0.166274	NM_205842.2:c.2043T>G	Other
A23	944	74	2	1	2	A23	0.07839	NM_032321.2:c.*749T>C	Other
A24	1425	126	2	1	2	A24	0.088421	NM_197970.2:c.-88C>G	Other
A25	1178	92	2	1	2	A25	0.078098	NM_173076.2:c.3570T>C	Other
A26	1226	99	2	1	2	A26	0.08075	NM_022648.4:c.4975C>T	Missense
A27	702	45	2	1	2	A27	0.064103	NM_022648.4:c.2464T>A	Missense
A28	1166	146	2	1	2	A28	0.125214	NM_181874.2:c.2176C>A	Missense
A29	1159	149	2	1	2	A29	0.128559	NM_181874.2:c.2177C>A	Missense
A30	1514	91	2	1	2	A30	0.060106	NM_018008.3:c.1236C>T	Other
A31	900	112	2	0	2	A31	0.124444	NM_001004736.2:c.841G>T	Missense
A32	1061	82	2	1	2	A32	0.077286	NM_001690.3:c.*2469A>G	Other
A33	1761	276	2	0	3	A33	0.156729	NM_001165974.1:c.1292A>C	Missense
A34	1947	140	2	0	2	A34	0.071905	NM_001136152.1:c.218G>A	Missense
A35	1425	101	2	1	2	A35	0.070877	NM_178822.4:c.6633C>T	Other
A36	1394	104	2	1	3	A36	0.074605	NM_001130960.1:c.3861A>C	Other
A37	795	91	2	1	2	A37	0.114465	NM_207015.2:c.1546G>A	Missense
A38	951	59	2	1	3	A38	0.06204	NM_181426.1:c.120C>G	Missense
A39	1007	157	2	1	2	A39	0.155909	NM_020166.3:c.1700C>T	Missense
A40	1582	274	2	0	2	A40	0.173198	NM_001099433.1:c.-33G>A	Other
A41	1372	231	2	1	2	A41	0.168367	NM_000730.2:c.1272G>A	Other
A42	1126	88	2	1	2	A42	0.078153	NM_001263.3:c.*227A>G	Other
A43	1279	234	2	0	1	A43	0.182955	NM_014421.2:c.362G>A	Missense
A44	1016	134	2	0	2	A44	0.13189	NM_000856.5:c.1996T>G	Missense
A45	1251	218	2	0	2	A45	0.174261	NM_001166373.1:c.*27G>A	Other
A46	908	88	2	1	2	A46	0.096916	NM_020225.1:c.-133C>T	Missense
A47	1225	234	2	0	2	A47	0.19102	NM_178569.2:c.-29G>A	Other
A48	1305	295	2	0	2	A48	0.226054	NM_178140.2:c.2176G>A	Missense
A49	1085	60	2	0	2	A49	0.0553	NM_001093755.1:c.169G>A	Missense
A50	1251	104	2	0	2	A50	0.083133	NM_022909.3:c.102G>T	Other
A51	1703	371	2	0	2	A51	0.217851	"NM_018912.2:c.2422-62445C>T,etc"	Other
A52	1769	411	2	0	2	A52	0.232335	NM_002700.2:c.810C>T	Other
A53	1236	275	2	0	2	A53	0.222492	NM_001144769.2:c.1626A>G	Other
A54	952	189	2	0	1	A54	0.198529	NM_015153.2:c.5818G>T	LoF
A55	1110	254	2	0	3	A55	0.228829	NM_052904.3:c.1430G>A	Missense
A56	1742	427	2	1	2	A56	0.245121	NM_012259.2:c.896C>T	Missense
A57	1203	174	2	0	2	A57	0.144638	NM_001278064.1:c.930C>T	Other
A58	1404	324	2	0	2	A58	0.230769	NM_001164694.1:c.666C>T	Other
A59	1309	175	2	2	4	A59	0.13369	NM_182924.3:c.1301G>C	Missense
A60	1466	214	2	1	3	A60	0.145975	NM_001163941.1:c.332T>C	Missense
A61	1204	158	2	1	3	A61	0.1313	NM_152739.3:c.*256dupG	Other
A62	724	48	2	1	3	A62	0.066298	NM_005523.5:c.*1291C>A	Other
A63	1158	104	2	1	3	A63	0.08981	NM_001080529.2:c.274G>A	Missense
A64	1272	82	2	1	3	A64	0.064465	NM_024051.3:c.424-518G>C	Other
A65	1174	76	2	1	3	A65	0.064736	NM_003014.3:c.920G>T	Missense
A66	1322	154	2	1	3	A66	0.11649	NM_022479.2:c.714C>T	Other
A67	1085	57	2	1	3	A67	0.052535	NM_012395.2:c.*687G>C	Other
A68	1079	133	2	1	3	A68	0.123262	NM_005868.4:c.*129T>G	Other
A69	740	48	2	1	3	A69	0.064865	NM_001753.4:c.*258C>T	Other
A70	1614	127	2	1	3	A70	0.078686	NM_020911.1:c.1298C>T	Missense
A71	1212	149	2	1	3	A71	0.122937	NM_144648.1:c.315C>A	Other
A72	1250	171	2	1	3	A72	0.1368	NM_005989.3:c.568G>C	Missense
A73	1729	131	2	0	1	A73	0.075766	NM_000742.3:c.778G>A	Missense
A74	1333	0	2	1	2	A74	0	NM_001002814.2:c.3066A>T	Other
A75	1342	111	2	1	2	A75	0.082712	NM_001464.4:c.1448T>C	Missense
A76	1649	243	2	1	2	A76	0.147362	NM_006269.1:c.404C>T	Missense
A77	1304	81	2	1	2	A77	0.062117	NM_000780.3:c.644T>C	Missense
A78	1375	102	2	0	2	A78	0.074182	NM_006540.2:c.637G>A	Missense
A79	1091	69	2	1	2	A79	0.063245	NM_020647.2:c.562G>A	Missense
A80	1254	100	2	1	4	A80	0.079745	NM_001198532.1:c.2315G>T	Missense
A81	1684	367	2	0	2	A81	0.217933	NM_001025357.2:c.154G>A	Missense
A82	996	149	2	1	3	A82	0.149598	NM_001039112.2:c.1925C>A	Missense
A83	1254	252	2	0	2	A83	0.200957	NM_015912.3:c.1910C>A	Missense
A84	1676	393	2	1	2	A84	0.234487	NM_014957.2:c.820G>A	Missense
A85	1098	76	2	1	3	A85	0.069217	NM_001497.3:c.*381A>G	Other
A86	872	57	2	0	1	A86	0.065367	NM_001206.2:c.*1620T>C	Other
A87	1349	129	2	0	2	A87	0.095626	NM_000093.4:c.1052C>T	Missense
A88	734	51	2	0	2	A88	0.069482	NM_000093.4:c.*594G>A	Other
A89	813	49	2	1	2	A89	0.060271	NM_004566.3:c.*2296T>C	Other
A90	1731	273	2	1	2	A90	0.157712	NM_018144.3:c.563G>C	Missense
A91	1051	159	2	1	2	A91	0.151284	NM_017433.4:c.2950C>T	LoF
A92	871	112	2	1	2	A92	0.128588	NM_020975.4:c.*491C>T	Other
A93	2075	133	2	1	2	A93	0.064096	"NM_020984.3:c.-69+2341C>T,NM_003055.2:c.800C>T"	"Other,Missense"
A94	1234	182	2	1	3	A94	0.147488	NM_032797.5:c.381C>T	Other
A95	1066	102	2	0	2	A95	0.095685	NM_019058.2:c.*810A>G	Other
A96	1468	99	2	1	2	A96	0.067439	NM_014978.1:c.2608G>A	Missense
A97	638	91	2	1	2	A97	0.142633	NM_033034.2:c.895+91C>T	Other
A98	1394	74	2	0	2	A98	0.053085	NM_003621.3:c.1348G>A	Missense
A99	1162	67	2	1	2	A99	0.057659	NM_006691.3:c.255C>T	Other
A100	401	40	2	1	2	A100	0.099751	NM_001145819.1:c.488C>A	Missense
A101	1848	296	2	1	2	A101	0.160173	NM_001277269.1:c.8363G>A	Missense
A102	1502	124	2	1	2	A102	0.082557	NM_001244963.1:c.6288C>T	Other
A103	1106	69	2	1	2	A103	0.062387	NM_015231.1:c.2254A>G	Missense
A104	1156	87	2	1	2	A104	0.07526	NM_001004733.2:c.729T>C	Other
A105	1178	82	2	1	2	A105	0.06961	NM_001080463.1:c.12837C>T	Other
A106	1778	170	2	1	2	A106	0.095613	NM_000482.3:c.354T>A	Missense
A107	1194	115	2	0	2	A107	0.096315	NM_001198670.1:c.206C>G	Missense
A108	1213	116	2	1	2	A108	0.095631	NM_018400.3:c.*3283C>G	Other
A109	774	68	2	1	2	A109	0.087855	NM_017425.3:c.328G>C	Missense
A110	1252	165	2	0	2	A110	0.131789	NM_000014.4:c.828C>T	Other
A111	1079	76	2	1	2	A111	0.070436	NM_025003.3:c.4799G>T	Missense
A112	1223	73	2	1	2	A112	0.059689	NM_017440.4:c.322C>A	Missense
A113	1049	75	2	1	2	A113	0.071497	NM_007007.2:c.1178G>A	Missense
A114	1104	157	2	1	2	A114	0.14221	NM_152779.2:c.413A>G	Missense
A115	1208	107	2	1	2	A115	0.088576	NM_002345.3:c.844G>A	Missense
A116	1258	109	2	1	2	A116	0.086645	NM_181861.1:c.2207G>A	Missense
A117	1412	171	2	1	3	A117	0.1208	NM_001135919.1:c.204dupA	LoF
A118	1812	274	2	1	3	A118	0.151214	NM_207361.4:c.426C>T	Other
A119	1134	228	2	1	3	A119	0.201058	NM_031431.3:c.1824A>G	Other
A120	1060	74	2	0	4	A120	0.069811	NM_002267.3:c.913C>T	Missense
A121	1320	79	2	1	3	A121	0.059848	NM_015296.2:c.2127A>G	Other
A122	1514	0	2	1	3	A122	0	NM_004791.2:c.1474G>A	Missense
A123	5693	376	2	0	19	A123	0.066046	NM_001845.4:c.3193G>T	LoF
A124	4170	301	2	0	19	A124	0.072182	NM_001845.4:c.3122G>C	Missense
A125	3007	2241	2	0	19	A125	0.745261	NM_001846.2:c.*81T>A	Other
A126	1976	396	2	1	3	A126	0.200405	NM_002929.2:c.628G>A	Missense
A127	1168	80	2	0	1	A127	0.068493	NM_006405.5:c.1427+92T>A	Other
A128	964	77	2	1	2	A128	0.079876	NM_015072.4:c.3666C>T	Other
A129	1117	78	2	1	2	A129	0.06983	NM_177438.2:c.5093C>T	Missense
A130	1563	1	2	0	1	A130	0.00064	NM_138420.2:c.13824G>A	Other
A131	1316	111	2	0	1	A131	0.084347	NM_138420.2:c.628G>A	Missense
A132	807	0	2	0	3	A132	0	NM_003922.3:c.8027T>C	Missense
A133	723	47	2	0	3	A133	0.065007	NM_176677.1:c.*745G>A	Other
A134	1263	216	2	0	2	A134	0.171021	"NM_024535.4:c.1754C>T,NM_001201479.1:c.1754C>T"	"Missense,Missense"
A135	1413	212	2	0	2	A135	0.150035	"NM_024535.4:c.621G>A,NM_001201479.1:c.621G>A"	"Other,Other"
A136	1311	228	2	0	1	A136	0.173913	NM_019065.2:c.216G>A	Other
A137	209	35	2	0	1	A137	0.167464	NM_015144.2:c.*3881C>T	Other
A138	1277	210	2	0	1	A138	0.164448	NM_006987.3:c.*88C>T	Other
A139	1576	282	2	0	1	A139	0.178934	NM_020899.3:c.2371C>T	Missense
A140	1391	241	2	0	1	A140	0.173257	NM_000546.5:c.586C>T	LoF
A141	1182	175	2	1	2	A141	0.148054	NM_003802.2:c.4843G>A	Missense
A142	1302	100	2	1	3	A142	0.076805	NM_013975.3:c.346G>A	Missense
A143	1059	75	2	1	3	A143	0.070822	NM_024302.3:c.1227C>T	Other
A144	1459	182	2	1	3	A144	0.124743	NM_001163735.1:c.555G>A	Other
A145	1471	118	2	1	3	A145	0.080218	NM_001488.3:c.487C>T	Missense
A146	1531	144	2	1	2	A146	0.094056	NM_152467.3:c.795C>T	Other
A147	1484	200	2	1	2	A147	0.134771	NM_152467.3:c.1302G>A	Other
A148	1423	103	2	1	2	A148	0.072382	NM_012285.2:c.1350C>T	Other
A149	1379	94	2	1	2	A149	0.068165	NM_012448.3:c.1316A>G	Missense
A150	1674	211	2	1	3	A150	0.126045	NM_199262.2:c.972G>A	Missense
A151	1296	142	2	1	3	A151	0.109568	NM_032559.4:c.350C>T	Missense
A152	1900	140	2	1	3	A152	0.073684	NM_138962.2:c.846C>A	Other
A153	1017	145	2	1	3	A153	0.142576	NM_006924.4:c.*1032T>A	Other
A154	1741	151	2	1	3	A154	0.086732	NM_001038704.2:c.1588G>A	Missense
A155	1788	240	2	0	2	A155	0.134228	NM_004859.3:c.-87C>A	Other
A156	1246	59	2	0	2	A156	0.047352	NM_006380.2:c.*3655A>C	Other
A157	1030	63	2	1	2	A157	0.061165	NM_020753.4:c.860G>A	Missense
A158	1922	135	2	1	2	A158	0.070239	NM_025090.3:c.2743C>T	Missense
A159	1463	125	2	1	2	A159	0.085441	NM_001256071.1:c.7843A>G	Missense
A160	1861	112	2	1	2	A160	0.060183	NM_001256071.1:c.9932G>A	Missense
A161	910	66	2	0	1	A161	0.072527	NM_015559.2:c.3587A>G	Missense
A162	1152	84	2	1	2	A162	0.072917	NM_001166111.1:c.1330C>T	Missense
A163	1157	181	2	1	2	A163	0.156439	NM_152601.3:c.1633A>T	Missense
A164	1147	74	2	1	2	A164	0.064516	NM_018467.3:c.542G>A	Missense
A165	1164	141	2	1	2	A165	0.121134	NM_020971.2:c.4159G>A	Missense
A166	1414	208	2	1	3	A166	0.1471	NM_017805.2:c.2675G>A	Missense
A167	1689	282	2	1	3	A167	0.166963	NM_020904.2:c.531C>T	Other
A168	1642	285	2	1	3	A168	0.173569	NM_172374.2:c.1263G>A	Other
A169	981	148	2	1	3	A169	0.150866	NM_014480.2:c.1455G>A	Other
A170	1391	92	2	1	3	A170	0.066139	NM_033089.6:c.*907C>T	Other
A171	1330	79	2	1	3	A171	0.059398	NM_198994.2:c.1302C>T	Other
A172	1561	86	2	1	3	A172	0.055093	NM_022575.2:c.624C>T	Other
A173	2139	158	2	1	3	A173	0.073866	NM_033453.3:c.341C>T	Missense
A174	1237	162	2	1	3	A174	0.130962	NM_000214.2:c.2979C>A	Other
A175	1646	219	2	1	3	A175	0.13305	NM_002594.3:c.854C>T	Missense
A176	1894	0	2	0	2	A176	0	NM_025176.4:c.2847C>T	Other
A177	460	53	2	1	3	A177	0.115217	NM_016045.2:c.577G>C	Missense
A178	1099	79	2	0	1	A178	0.071884	NM_006988.3:c.562C>T	Missense
A179	1416	133	2	0	1	A179	0.093927	NM_003253.2:c.736A>T	Missense
A180	1097	84	2	0	1	A180	0.076572	NM_002240.3:c.1130C>A	Missense
A181	1812	166	2	0	1	A181	0.091611	NM_004649.6:c.53T>A	Missense
A182	1165	91	2	1	2	A182	0.078112	NM_002473.4:c.3315G>T	Missense
A183	1473	95	2	1	2	A183	0.064494	NM_018957.3:c.1067C>G	Missense
A184	1426	120	2	1	2	A184	0.084151	NM_001162501.1:c.*10521G>A	Other
A185	1887	120	2	1	2	A185	0.063593	NM_014246.1:c.1186G>A	Missense
A186	938	364	2	0	0	A186	0.38806	NM_015419.3:c.6015C>T	Other
A187	945	131	2	0	0	A187	0.138624	NM_080873.2:c.953G>A	Missense
A188	662	223	2	0	0	A188	0.336858	NM_173695.2:c.459C>A	Other
A189	1068	390	2	0	0	A189	0.365169	NM_001184880.1:c.1611C>T	Other
A190	759	276	2	0	0	A190	0.363636	NM_031907.1:c.1567C>T	Missense
A191	753	270	2	0	0	A191	0.358566	NM_173078.3:c.397T>G	Missense
A192	677	196	2	0	0	A192	0.289513	NM_002024.5:c.*1743A>G	Other